B5MCJ9,TRIM66,TIF1D,Tripartite motif-containing protein 66,TIF1D,,Atypical,TIF1,
O00141,SGK1,SGK,Serine/threonine-protein kinase Sgk1,SGK1,,AGC,SGK,
O00238,BMPR1B,BMPR1B,Bone morphogenetic protein receptor type-1B,BMPR1B,,TKL,STKR,STKR1
O00311,CDC7,CDC7,Cell division cycle 7-related protein kinase,CDC7,,Other,CDC7,
O00418,EEF2K,eEF2K,Eukaryotic elongation factor 2 kinase,eEF2K,,Atypical,Alpha,eEF2K
O00444,PLK4,PLK4,Serine/threonine-protein kinase PLK4,PLK4,,Other,PLK,
O00506,STK25,YSK1,Serine/threonine-protein kinase 25,YSK1,,STE,STE20,YSK
O14578,CIT,CRIK,Citron Rho-interacting kinase,CRIK,,AGC,DMPK,
O14730,RIOK3,RIOK3,Serine/threonine-protein kinase RIO3,RIOK3,,Atypical,RIO,RIO3
O14733,MAP2K7,MAP2K7,Dual specificity mitogen-activated protein kinase kinase 7,MAP2K7,,STE,STE7,
O14757,CHEK1,CHK1,Serine/threonine-protein kinase Chk1,CHK1,,CAMK,CAMKL,CHK1
O14874,BCKDK,BCKDK,[3-methyl-2-oxobutanoate dehydrogenase [lipoamide]] kinase,BCKDK,,Atypical,PDHK,
O14920,IKBKB,IKKb,Inhibitor of nuclear factor kappa-B kinase subunit beta,IKKb,,Other,IKK,
O14936,CASK,CASK,Peripheral plasma membrane protein CASK,CASK,,CAMK,CASK,
O14965,AURKA,AurA,Aurora kinase A,AurA,,Other,Aur,
O14976,GAK,GAK,Cyclin-G-associated kinase,GAK,,Other,NAK,
O15021,MAST4,MAST4,Microtubule-associated serine/threonine-protein kinase 4,MAST4,,AGC,MAST,
O15075,DCLK1,DCAMKL1,Serine/threonine-protein kinase DCLK1,DCAMKL1,,CAMK,DCAMKL,
O15111,CHUK,IKKa,Inhibitor of nuclear factor kappa-B kinase subunit alpha,IKKa,,Other,IKK,
O15146,MUSK,MUSK,Muscle,MUSK,,TK,Musk,
O15164,TRIM24,TIF1a,Transcription intermediary factor 1-alpha,TIF1a,,Atypical,TIF1,
O15197,EPHB6,EphB6,Ephrin type-B receptor 6,EphB6,,TK,Eph,
O15264,MAPK13,p38d,Mitogen-activated protein kinase 13,p38d,,CMGC,MAPK,p38
O15530,PDPK1,PDK1,3-phosphoinositide-dependent protein kinase 1,PDK1,,AGC,PDK1,
O43187,IRAK2,IRAK2,Interleukin-1 receptor-associated kinase-like 2,IRAK2,,TKL,IRAK,
O43283,MAP3K13,LZK,Mitogen-activated protein kinase kinase kinase 13,LZK,,TKL,MLK,LZK
O43293,DAPK3,DAPK3,Death-associated protein kinase 3,DAPK3,,CAMK,DAPK,
O43318,MAP3K7,TAK1,Mitogen-activated protein kinase kinase kinase 7,TAK1,,TKL,MLK,TAK1
O43353,RIPK2,RIPK2,Receptor-interacting serine/threonine-protein kinase 2,RIPK2,,TKL,RIPK,
O43683,BUB1,BUB1,Mitotic checkpoint serine/threonine-protein kinase BUB1,BUB1,,Other,BUB,
O43781,DYRK3,DYRK3,Dual specificity tyrosine-phosphorylation-regulated kinase 3,DYRK3,,CMGC,DYRK,DYRK2
O43930,PRKY,PRKY,Serine/threonine-protein kinase PRKY,PRKY,,AGC,PKA,
O60229,KALRN,Trad,HCG2039851,Trad,,CAMK,Trio,
O60285,NUAK1,NuaK1,NUAK family SNF1-like kinase 1,NuaK1,,CAMK,CAMKL,NuaK
O60307,MAST3,MAST3,Microtubule-associated serine/threonine-protein kinase 3,MAST3,,AGC,MAST,
O60566,BUB1B,BUBR1,Mitotic checkpoint serine/threonine-protein kinase BUB1 beta,BUBR1,,Other,BUB,
O60674,JAK2,JAK2,Tyrosine-protein kinase JAK2,JAK2,,TK,Jak,
O60885,BRD4,BRD4,BRD4 protein,BRD4,,Atypical,BRD,
O75116,ROCK2,ROCK2,Rho-associated protein kinase 2,ROCK2,,AGC,DMPK,ROCK
O75385,ULK1,ULK1,Serine/threonine-protein kinase ULK1,ULK1,,Other,ULK,
O75460,ERN1,IRE1,Serine/threonine-protein kinase/endoribonuclease IRE1,IRE1,,Other,IRE,
O75582,RPS6KA5,MSK1,Ribosomal protein S6 kinase alpha-5,MSK1,,AGC,RSK,MSK
O75676,RPS6KA4,MSK2,Ribosomal protein S6 kinase alpha-4,MSK2,,AGC,RSK,MSK
O75716,STK16,MPSK1,Serine/threonine-protein kinase 16,MPSK1,,Other,NAK,
O75914,PAK3,PAK3,Serine/threonine-protein kinase PAK 3,PAK3,,STE,STE20,PAKA
O75962,TRIO,Trio,Triple functional domain protein,Trio,,CAMK,Trio,
O76039,CDKL5,CDKL5,Cyclin-dependent kinase-like 5,CDKL5,,CMGC,CDKL,
O94768,STK17B,DRAK2,Serine/threonine-protein kinase 17B,DRAK2,,CAMK,DAPK,
O94804,STK10,LOK,Serine/threonine-protein kinase 10,LOK,,STE,STE20,SLK
O94806,PRKD3,PKD3,Serine/threonine-protein kinase D3,PKD3,,CAMK,PKD,
O94921,CDK14,PFTAIRE1,Cyclin-dependent kinase 14,PFTAIRE1,,CMGC,CDK,PFTAIRE
O95382,MAP3K6,MAP3K6,Mitogen-activated protein kinase kinase kinase 6,MAP3K6,,STE,STE11,
O95747,OXSR1,OSR1,Serine/threonine-protein kinase OSR1,OSR1,,STE,STE20,FRAY
O95819,MAP4K4,ZC1/HGK,Mitogen-activated protein kinase kinase kinase kinase 4,HGK,,STE,STE20,MSN
O95835,LATS1,LATS1,Serine/threonine-protein kinase LATS1,LATS1,,AGC,NDR,
O96013,PAK4,PAK4,Serine/threonine-protein kinase PAK 4,PAK4,,STE,STE20,PAKB
O96017,CHEK2,CHK2,Serine/threonine-protein kinase Chk2,CHK2,,CAMK,RAD53,
P00519,ABL1,ABL,Tyrosine-protein kinase ABL1,ABL1,,TK,Abl,
P00533,EGFR,EGFR,Epidermal growth factor receptor,EGFR,,TK,EGFR,
P00540,MOS,MOS,Proto-oncogene serine/threonine-protein kinase mos,MOS,,Other,MOS,
P04049,RAF1,RAF1,RAF proto-oncogene serine/threonine-protein kinase,RAF1,,TKL,RAF,
P04626,ERBB2,HER2/ErbB2,Receptor tyrosine-protein kinase erbB-2,ErbB2,,TK,EGFR,
P04629,NTRK1,TRKA,High affinity nerve growth factor receptor,TRKA,,TK,Trk,
P05129,PRKCG,PKCg,Protein kinase C gamma type,PKCg,,AGC,PKC,PKCa
P05771,PRKCB,PKCb,Protein kinase C beta type,PKCb,,AGC,PKC,PKCa
P06213,INSR,INSR,Insulin receptor,INSR,,TK,InsR,
P06239,LCK,LCK,Tyrosine-protein kinase Lck,LCK,,TK,Src,
P06241,FYN,FYN,Tyrosine-protein kinase Fyn,FYN,,TK,Src,
P06493,CDK1,CDC2,Cyclin-dependent kinase 1,CDC2,,CMGC,CDK,CDC2
P07332,FES,FES,Tyrosine-protein kinase Fes/Fps,FES,,TK,Fer,
P07333,CSF1R,FMS,Macrophage colony-stimulating factor 1 receptor,FMS,,TK,PDGFR,
P07947,YES1,YES,Tyrosine-protein kinase Yes,YES,,TK,Src,
P07948,LYN,LYN,Tyrosine-protein kinase Lyn,LYN,,TK,Src,
P07949,RET,RET,Proto-oncogene tyrosine-protein kinase receptor Ret,RET,,TK,Ret,
P08069,IGF1R,IGF1R,Insulin-like growth factor 1 receptor,IGF1R,,TK,InsR,
P08581,MET,MET,Hepatocyte growth factor receptor,MET,,TK,Met,
P08631,HCK,HCK,Tyrosine-protein kinase HCK,HCK,,TK,Src,
P08922,ROS1,ROS,Proto-oncogene tyrosine-protein kinase ROS,ROS,,TK,Sev,
P09619,PDGFRB,PDGFRb,Platelet-derived growth factor receptor beta,PDGFRb,,TK,PDGFR,
P09769,FGR,FGR,Tyrosine-protein kinase Fgr,FGR,,TK,Src,
P0C1S8,WEE2,Wee1B,Wee1-like protein kinase 2,Wee1B,,Other,WEE,
P0C263,SBK2,SgK069,Serine/threonine-protein kinase SBK2,SgK069,,Other,NKF1,
P0C264,SBK3,SgK110,Putative uncharacterized serine/threonine-protein kinase SgK110,SgK110,,Other,NKF1,
P10398,ARAF,ARAF,Serine/threonine-protein kinase A-Raf,ARAF,,TKL,RAF,
P10721,KIT,KIT,Mast/stem cell growth factor receptor Kit,KIT,,TK,PDGFR,
P11274,BCR,BCR,Breakpoint cluster region protein,BCR,,Atypical,BCR,
P11309,PIM1,PIM1,Serine/threonine-protein kinase pim-1,PIM1,,CAMK,PIM,
P11362,FGFR1,FGFR1,Fibroblast growth factor receptor 1,FGFR1,,TK,FGFR,
P11801,PSKH1,PSKH1,Serine/threonine-protein kinase H1,PSKH1,,CAMK,PSK,
P11802,CDK4,CDK4,Cyclin-dependent kinase 4,CDK4,,CMGC,CDK,CDK4
P12931,SRC,SRC,Proto-oncogene tyrosine-protein kinase Src,SRC,,TK,Src,
P14616,INSRR,IRR,Insulin receptor-related protein,IRR,,TK,InsR,
P15056,BRAF,BRAF,Serine/threonine-protein kinase B-raf,BRAF,,TKL,RAF,
P15735,PHKG2,PHKg2,Phosphorylase b kinase gamma catalytic chain,PHKg2,,CAMK,PHK,
P16066,NPR1,ANPa,Atrial natriuretic peptide receptor 1,ANPa,,RGC,RGC,
P16234,PDGFRA,PDGFRa,Platelet-derived growth factor receptor alpha,PDGFRa,,TK,PDGFR,
P16591,FER,FER,Tyrosine-protein kinase Fer,FER,,TK,Fer,
P17252,PRKCA,PKCa,Protein kinase C alpha type,PKCa,,AGC,PKC,PKCa
P17612,PRKACA,PKACa,cAMP-dependent protein kinase catalytic subunit alpha,PKACa,,AGC,PKA,
P17948,FLT1,FLT1,Vascular endothelial growth factor receptor 1,FLT1,,TK,VEGFR,
P19525,EIF2AK2,PKR,Interferon-induced,PKR,,Other,PEK,
P19784,CSNK2A2,CK2a2,Casein kinase II subunit alpha',CK2a2,,CMGC,CK2,
P20594,NPR2,ANPb,Atrial natriuretic peptide receptor 2,ANPb,,RGC,RGC,
P20794,MAK,MAK,Serine/threonine-protein kinase MAK,MAK,,CMGC,RCK,
P21127,CDK11B,PITSLRE,Cyclin-dependent kinase 11B,PITSLRE,,CMGC,CDK,CDK11
P21675,TAF1,TAF1,Transcription initiation factor TFIID subunit 1,TAF1,,Atypical,TAF1,
P21709,EPHA1,EphA1,Ephrin type-A receptor 1,EphA1,,TK,Eph,
P21802,FGFR2,FGFR2,Fibroblast growth factor receptor 2,FGFR2,,TK,FGFR,
P21860,ERBB3,HER3/ErbB3,Receptor tyrosine-protein kinase erbB-3,ErbB3,,TK,EGFR,
P22455,FGFR4,FGFR4,Fibroblast growth factor receptor 4,FGFR4,,TK,FGFR,
P22607,FGFR3,FGFR3,Fibroblast growth factor receptor 3,FGFR3,,TK,FGFR,
P22612,PRKACG,PKACg,cAMP-dependent protein kinase catalytic subunit gamma,PKACg,,AGC,PKA,
P22694,PRKACB,PKACb,cAMP-dependent protein kinase catalytic subunit beta,PKACb,,AGC,PKA,
P23443,RPS6KB1,p70S6K,Ribosomal protein S6 kinase beta-1,p70S6K,,AGC,RSK,RSKp70
P23458,JAK1,JAK1,Tyrosine-protein kinase JAK1,JAK1,,TK,Jak,
P24723,PRKCH,PKCh,Protein kinase C eta type,PKCh,,AGC,PKC,PKCh
P24941,CDK2,CDK2,Cyclin-dependent kinase 2,CDK2,,CMGC,CDK,CDK2
P25092,GUCY2C,HSER,Heat-stable enterotoxin receptor,HSER,,RGC,RGC,
P25098,ADRBK1,BARK1,Beta-adrenergic receptor kinase 1,BARK1,,AGC,GRK,BARK
P25440,BRD2,BRD2,Bromodomain-containing protein 2,BRD2,,Atypical,BRD,
P27037,ACVR2A,ACTR2,Activin receptor type-2A,ACTR2,,TKL,STKR,STKR2
P27361,MAPK3,Erk1,Mitogen-activated protein kinase 3,Erk1,,CMGC,MAPK,ERK1
P27448,MARK3,MARK3,MAP/microtubule affinity-regulating kinase 3,MARK3,,CAMK,CAMKL,MARK
P28482,MAPK1,Erk2,Mitogen-activated protein kinase 1,Erk2,,CMGC,MAPK,ERK1
P29317,EPHA2,EphA2,Ephrin type-A receptor 2,EphA2,,TK,Eph,
P29320,EPHA3,EphA3,Ephrin type-A receptor 3,EphA3,,TK,Eph,
P29322,EPHA8,EphA8,Ephrin type-A receptor 8,EphA8,,TK,Eph,
P29323,EPHB2,EphB2,Ephrin type-B receptor 2,EphB2,,TK,Eph,
P29376,LTK,LTK,Leukocyte tyrosine kinase receptor,LTK,,TK,ALK,
P29597,TYK2,TYK2,Non-receptor tyrosine-protein kinase TYK2,TYK2,,TK,Jak,
P30291,WEE1,Wee1,Wee1-like protein kinase,Wee1,,Other,WEE,
P30530,AXL,AXL,Tyrosine-protein kinase receptor UFO,AXL,,TK,Axl,
P31152,MAPK4,Erk4,Mitogen-activated protein kinase 4,Erk4,,CMGC,MAPK,ERK3
P31749,AKT1,AKT1,RAC-alpha serine/threonine-protein kinase,AKT1,,AGC,Akt,
P31751,AKT2,AKT2,RAC-beta serine/threonine-protein kinase,AKT2,,AGC,Akt,
P32298,GRK4,GPRK4,G protein-coupled receptor kinase 4,GPRK4,,AGC,GRK,GRK
P33981,TTK,TTK,Dual specificity protein kinase TTK,TTK,,Other,TTK,
P34925,RYK,RYK,Tyrosine-protein kinase RYK,RYK,,TK,Ryk,
P34947,GRK5,GPRK5,G protein-coupled receptor kinase 5,GPRK5,,AGC,GRK,GRK
P35590,TIE1,TIE1,Tyrosine-protein kinase receptor Tie-1,TIE1,,TK,Tie,
P35626,ADRBK2,BARK2,Beta-adrenergic receptor kinase 2,BARK2,,AGC,GRK,BARK
P35916,FLT4,FLT4,Vascular endothelial growth factor receptor 3,FLT4,,TK,VEGFR,
P35968,KDR,KDR,Vascular endothelial growth factor receptor 2,KDR,,TK,VEGFR,
P36507,MAP2K2,MAP2K2,Dual specificity mitogen-activated protein kinase kinase 2,MAP2K2,,STE,STE7,
P36888,FLT3,FLT3,Receptor-type tyrosine-protein kinase FLT3,FLT3,,TK,PDGFR,
P36894,BMPR1A,BMPR1A,Bone morphogenetic protein receptor type-1A,BMPR1A,,TKL,STKR,STKR1
P36896,ACVR1B,ALK4,Activin receptor type-1B,ALK4,,TKL,STKR,STKR1
P36897,TGFBR1,TGFbR1,TGF-beta receptor type-1,TGFbR1,,TKL,STKR,STKR1
P37023,ACVRL1,ALK1,Serine/threonine-protein kinase receptor R3,ALK1,,TKL,STKR,STKR1
P37173,TGFBR2,TGFbR2,TGF-beta receptor type-2,TGFbR2,,TKL,STKR,STKR2
P41240,CSK,CSK,Tyrosine-protein kinase CSK,CSK,,TK,Csk,
P41279,MAP3K8,COT,Mitogen-activated protein kinase kinase kinase 8,COT,,STE,STE-Unique,
P41743,PRKCI,PKCi,Protein kinase C iota type,PKCi,,AGC,PKC,PKCi
P42345,MTOR,FRAP,Serine/threonine-protein kinase mTOR,FRAP,,Atypical,PIKK,FRAP
P42679,MATK,CTK,Megakaryocyte-associated tyrosine-protein kinase,CTK,,TK,Csk,
P42680,TEC,TEC,Tyrosine-protein kinase Tec,TEC,,TK,Tec,
P42681,TXK,TXK,Tyrosine-protein kinase TXK,TXK,,TK,Tec,
P42684,ABL2,ARG,Abelson tyrosine-protein kinase 2,ABL2,,TK,Abl,
P42685,FRK,FRK,Tyrosine-protein kinase FRK,FRK,,TK,Src,
P43250,GRK6,GPRK6,G protein-coupled receptor kinase 6,GPRK6,,AGC,GRK,GRK
P43403,ZAP70,ZAP70,Tyrosine-protein kinase ZAP-70,ZAP70,,TK,Syk,
P43405,SYK,SYK,Tyrosine-protein kinase SYK,SYK,,TK,Syk,
P45983,MAPK8,JNK1,Mitogen-activated protein kinase 8,JNK1,,CMGC,MAPK,JNK
P45984,MAPK9,JNK2,Mitogen-activated protein kinase 9,JNK2,,CMGC,MAPK,JNK
P45985,MAP2K4,MAP2K4,Dual specificity mitogen-activated protein kinase kinase 4,MAP2K4,,STE,STE7,
P46734,MAP2K3,MAP2K3,Dual specificity mitogen-activated protein kinase kinase 3,MAP2K3,,STE,STE7,
P48729,CSNK1A1,CK1a,Casein kinase I isoform alpha,CK1a,,CK1,CK1,
P48730,CSNK1D,CK1d,Casein kinase I isoform delta,CK1d,,CK1,CK1,
P49137,MAPKAPK2,MAPKAPK2,MAP kinase-activated protein kinase 2,MAPKAPK2,,CAMK,MAPKAPK,MK2
P49336,CDK8,CDK8,Cyclin-dependent kinase 8,CDK8,,CMGC,CDK,CDK8
P49674,CSNK1E,CK1e,Casein kinase I isoform epsilon,CK1e,,CK1,CK1,
P49759,CLK1,CLK1,Dual specificity protein kinase CLK1,CLK1,,CMGC,CLK,
P49760,CLK2,CLK2,Dual specificity protein kinase CLK2,CLK2,,CMGC,CLK,
P49761,CLK3,CLK3,Dual specificity protein kinase CLK3,CLK3,,CMGC,CLK,
P49840,GSK3A,GSK3A,Glycogen synthase kinase-3 alpha,GSK3A,,CMGC,GSK,
P49841,GSK3B,GSK3B,Glycogen synthase kinase-3 beta,GSK3B,,CMGC,GSK,
P49842,STK19,G11,Serine/threonine-protein kinase 19,G11,,Atypical,G11,
P50613,CDK7,CDK7,Cyclin-dependent kinase 7,CDK7,,CMGC,CDK,CDK7
P50750,CDK9,CDK9,Cyclin-dependent kinase 9,CDK9,,CMGC,CDK,CDK9
P51451,BLK,BLK,Tyrosine-protein kinase Blk,BLK,,TK,Src,
P51617,IRAK1,IRAK1,Interleukin-1 receptor-associated kinase 1,IRAK1,,TKL,IRAK,
P51812,RPS6KA3,RSK2,Ribosomal protein S6 kinase alpha-3,RSK2,,AGC,RSK,RSKp90
P51813,BMX,BMX,Cytoplasmic tyrosine-protein kinase BMX,BMX,,TK,Tec,
P51817,PRKX,PRKX,cAMP-dependent protein kinase catalytic subunit PRKX,PRKX,,AGC,PKA,
P51841,GUCY2F,CYGF,Retinal guanylyl cyclase 2,CYGF,,RGC,RGC,
P51955,NEK2,NEK2,Serine/threonine-protein kinase Nek2,NEK2,,Other,NEK,
P51956,NEK3,NEK3,Serine/threonine-protein kinase Nek3,NEK3,,Other,NEK,
P51957,NEK4,NEK4,Serine/threonine-protein kinase Nek4,NEK4,,Other,NEK,
P52333,JAK3,JAK3,Tyrosine-protein kinase JAK3,JAK3,,TK,Jak,
P52564,MAP2K6,MAP2K6,Dual specificity mitogen-activated protein kinase kinase 6,MAP2K6,,STE,STE7,
P53004,BLVRA,BLVRA,Biliverdin reductase A,BLVRA,,Atypical,BLVRA,
P53350,PLK1,PLK1,Serine/threonine-protein kinase PLK1,PLK1,,Other,PLK,
P53355,DAPK1,DAPK1,Death-associated protein kinase 1,DAPK1,,CAMK,DAPK,
P53667,LIMK1,LIMK1,LIM domain kinase 1,LIMK1,,TKL,LISK,LIMK
P53671,LIMK2,LIMK2,LIM domain kinase 2,LIMK2,,TKL,LISK,LIMK
P53778,MAPK12,p38g,Mitogen-activated protein kinase 12,p38g,,CMGC,MAPK,p38
P53779,MAPK10,JNK3,Mitogen-activated protein kinase 10,JNK3,,CMGC,MAPK,JNK
P54646,PRKAA2,AMPKa2,5'-AMP-activated protein kinase catalytic subunit alpha-2,AMPKa2,,CAMK,CAMKL,AMPK
P54753,EPHB3,EphB3,Ephrin type-B receptor 3,EphB3,,TK,Eph,
P54756,EPHA5,EphA5,Ephrin type-A receptor 5,EphA5,,TK,Eph,
P54760,EPHB4,EphB4,Ephrin type-B receptor 4,EphB4,,TK,Eph,
P54762,EPHB1,EphB1,Ephrin type-B receptor 1,EphB1,,TK,Eph,
P54764,EPHA4,EphA4,Ephrin type-A receptor 4,EphA4,,TK,Eph,
P57058,HUNK,HUNK,Hormonally up-regulated neu tumor-associated kinase,HUNK,,CAMK,CAMKL,HUNK
P57059,SIK1,SIK,Serine/threonine-protein kinase SIK1,SIK,,CAMK,CAMKL,QIK
P57078,RIPK4,ANKRD3,Receptor-interacting serine/threonine-protein kinase 4,ANKRD3,,TKL,RIPK,
P68400,CSNK2A1,CK2a1,Casein kinase II subunit alpha,CK2a1,,CMGC,CK2,
P78362,SRPK2,SRPK2,SRSF protein kinase 2,SRPK2,,CMGC,SRPK,
P78368,CSNK1G2,CK1g2,Casein kinase I isoform gamma-2,CK1g2,,CK1,CK1,
P78527,PRKDC,DNAPK,DNA-dependent protein kinase catalytic subunit,DNAPK,,Atypical,PIKK,DNAPK
P80192,MAP3K9,MLK1,Mitogen-activated protein kinase kinase kinase 9,MLK1,,TKL,MLK,MLK
Q00526,CDK3,CDK3,Cyclin-dependent kinase 3,CDK3,,CMGC,CDK,CDK2
Q00532,CDKL1,CDKL1,Cyclin-dependent kinase-like 1,CDKL1,,CMGC,CDKL,
Q00534,CDK6,CDK6,Cyclin-dependent kinase 6,CDK6,,CMGC,CDK,CDK4
Q00535,CDK5,CDK5,Cyclin-dependent kinase 5,CDK5,,CMGC,CDK,CDK5
Q00536,CDK16,PCTAIRE1,Cyclin-dependent kinase 16,PCTAIRE1,,CMGC,CDK,PCTAIRE
Q00537,CDK17,PCTAIRE2,Cyclin-dependent kinase 17,PCTAIRE2,,CMGC,CDK,PCTAIRE
Q01973,ROR1,ROR1,Tyrosine-protein kinase transmembrane receptor ROR1,ROR1,,TK,Ror,
Q01974,ROR2,ROR2,Tyrosine-protein kinase transmembrane receptor ROR2,ROR2,,TK,Ror,
Q02156,PRKCE,PKCe,Protein kinase C epsilon type,PKCe,,AGC,PKC,PKCh
Q02750,MAP2K1,MAP2K1,Dual specificity mitogen-activated protein kinase kinase 1,MAP2K1,,STE,STE7,
Q02763,TEK,TIE2,Angiopoietin-1 receptor,TIE2,,TK,Tie,
Q02779,MAP3K10,MLK2,Mitogen-activated protein kinase kinase kinase 10,MLK2,,TKL,MLK,MLK
Q02846,GUCY2D,CYGD,Retinal guanylyl cyclase 1,CYGD,,RGC,RGC,
Q04759,PRKCQ,PKCt,Protein kinase C theta type,PKCt,,AGC,PKC,PKCd
Q04771,ACVR1,ALK2,Activin receptor type-1,ALK2,,TKL,STKR,STKR1
Q04912,MST1R,RON,Macrophage-stimulating protein receptor,RON,,TK,Met,
Q05397,PTK2,FAK,Focal adhesion kinase 1,FAK,,TK,FAK,
Q05513,PRKCZ,PKCz,Protein kinase C zeta type,PKCz,,AGC,PKC,PKCi
Q05655,PRKCD,PKCd,Protein kinase C delta type,PKCd,,AGC,PKC,PKCd
Q05823,RNASEL,RNAseL,2-5A-dependent ribonuclease,RNAseL,,Other,Other-Unique,
Q06187,BTK,BTK,Tyrosine-protein kinase BTK,BTK,,TK,Tec,
Q06418,TYRO3,TYRO3,Tyrosine-protein kinase receptor TYRO3,TYRO3,,TK,Axl,
Q07002,CDK18,PCTAIRE3,Cyclin-dependent kinase 18,PCTAIRE3,,CMGC,CDK,PCTAIRE
Q07912,TNK2,ACK,Activated CDC42 kinase 1,ACK,,TK,Ack,
Q08345,DDR1,DDR1,Epithelial discoidin domain-containing receptor 1,DDR1,,TK,DDR,
Q08881,ITK,ITK,Tyrosine-protein kinase ITK/TSK,ITK,,TK,Tec,
Q09013,DMPK,DMPK1,Myotonin-protein kinase,DMPK1,,AGC,DMPK,GEK
Q12851,MAP4K2,GCK,Mitogen-activated protein kinase kinase kinase kinase 2,GCK,,STE,STE20,KHS
Q12852,MAP3K12,DLK,Mitogen-activated protein kinase kinase kinase 12,DLK,,TKL,MLK,LZK
Q12866,MERTK,MER,Tyrosine-protein kinase Mer,MER,,TK,Axl,
Q12979,ABR,ABR,Active breakpoint cluster region-related protein,ABR,,Atypical,BCR,
Q13043,STK4,MST1,Serine/threonine-protein kinase 4,MST1,,STE,STE20,MST
Q13131,PRKAA1,AMPKa1,5'-AMP-activated protein kinase catalytic subunit alpha-1,AMPKa1,,CAMK,CAMKL,AMPK
Q13153,PAK1,PAK1,Serine/threonine-protein kinase PAK 1,PAK1,,STE,STE20,PAKA
Q13163,MAP2K5,MAP2K5,Dual specificity mitogen-activated protein kinase kinase 5,MAP2K5,,STE,STE7,
Q13164,MAPK7,Erk5,Mitogen-activated protein kinase 7,Erk5,,CMGC,MAPK,ERK5
Q13177,PAK2,PAK2,Serine/threonine-protein kinase PAK 2,PAK2,,STE,STE20,PAKA
Q13188,STK3,MST2,Serine/threonine-protein kinase 3,MST2,,STE,STE20,MST
Q13233,MAP3K1,MAP3K1,Mitogen-activated protein kinase kinase kinase 1,MAP3K1,,STE,STE11,
Q13237,PRKG2,PKG2,cGMP-dependent protein kinase 2,PKG2,,AGC,PKG,
Q13263,TRIM28,TIF1b,Transcription intermediary factor 1-beta,TIF1b,,Atypical,TIF1,
Q13308,PTK7,CCK4,Inactive tyrosine-protein kinase 7,CCK4,,TK,CCK4,
Q13315,ATM,ATM,Serine-protein kinase ATM,ATM,,Atypical,PIKK,ATM
Q13418,ILK,ILK,Integrin-linked protein kinase,ILK,,TKL,MLK,ILK
Q13464,ROCK1,ROCK1,Rho-associated protein kinase 1,ROCK1,,AGC,DMPK,ROCK
Q13470,TNK1,TNK1,Non-receptor tyrosine-protein kinase TNK1,TNK1,,TK,Ack,
Q13523,PRPF4B,PRP4,Serine/threonine-protein kinase PRP4 homolog,PRP4,,CMGC,DYRK,PRP4
Q13535,ATR,ATR,Serine/threonine-protein kinase ATR,ATR,,Atypical,PIKK,ATR
Q13546,RIPK1,RIPK1,Receptor-interacting serine/threonine-protein kinase 1,RIPK1,,TKL,RIPK,
Q13554,CAMK2B,CaMK2b,Calcium/calmodulin-dependent protein kinase type II subunit beta,CaMK2b,,CAMK,CAMK2,
Q13555,CAMK2G,CaMK2g,Calcium/calmodulin-dependent protein kinase (CaM kinase) II gamma,CaMK2g,,CAMK,CAMK2,
Q13557,CAMK2D,CaMK2d,Calcium/calmodulin-dependent protein kinase type II subunit delta,CaMK2d,,CAMK,CAMK2,
Q13627,DYRK1A,DYRK1A,Dual specificity tyrosine-phosphorylation-regulated kinase 1A,DYRK1A,,CMGC,DYRK,DYRK1
Q13705,ACVR2B,ACTR2B,Activin receptor type-2B,ACTR2B,,TKL,STKR,STKR2
Q13873,BMPR2,BMPR2,Bone morphogenetic protein receptor type-2,BMPR2,,TKL,STKR,STKR2
Q13882,PTK6,BRK,Protein-tyrosine kinase 6,BRK,,TK,Src,
Q13976,PRKG1,PKG1,cGMP-dependent protein kinase,PKG1,,AGC,PKG,
Q14004,CDK13,CHED,Cyclin-dependent kinase 13,CHED,,CMGC,CDK,CRK7
Q14012,CAMK1,CaMK1a,Calcium/calmodulin-dependent protein kinase type 1,CaMK1a,,CAMK,CAMK1,
Q14164,IKBKE,IKKe,Inhibitor of nuclear factor kappa-B kinase subunit epsilon,IKKe,,Other,IKK,
Q14289,PTK2B,PYK2,Protein-tyrosine kinase 2-beta,PYK2,,TK,FAK,
Q14296,FASTK,FASTK,Fas-activated serine/threonine kinase,FASTK,,Atypical,FAST,
Q14680,MELK,MELK,Maternal embryonic leucine zipper kinase,MELK,,CAMK,CAMKL,MELK
Q15059,BRD3,BRD3,Bromodomain-containing protein 3,BRD3,,Atypical,BRD,
Q15118,PDK1,PDHK1,[Pyruvate dehydrogenase [lipoamide]] kinase isozyme 1,PDHK1,,Atypical,PDHK,
Q15119,PDK2,PDHK2,[Pyruvate dehydrogenase [lipoamide]] kinase isozyme 2,PDHK2,,Atypical,PDHK,
Q15120,PDK3,PDHK3,[Pyruvate dehydrogenase [lipoamide]] kinase isozyme 3,PDHK3,,Atypical,PDHK,
Q15131,CDK10,CDK10,Cyclin-dependent kinase 10,CDK10,,CMGC,CDK,CDK10
Q15139,PRKD1,PKD1,Serine/threonine-protein kinase D1,PKD1,,CAMK,PKD,
Q15208,STK38,NDR1,Serine/threonine-protein kinase 38,NDR1,,AGC,NDR,
Q15303,ERBB4,HER4/ErbB4,Receptor tyrosine-protein kinase erbB-4,ErbB4,,TK,EGFR,
Q15349,RPS6KA2,RSK1,Ribosomal protein S6 kinase alpha-2,RSK3,,AGC,RSK,RSKp90
Q15375,EPHA7,EphA7,Ephrin type-A receptor 7,EphA7,,TK,Eph,
Q15418,RPS6KA1,RSK3,Ribosomal protein S6 kinase alpha-1,RSK1,,AGC,RSK,RSKp90
Q15569,TESK1,TESK1,Dual specificity testis-specific protein kinase 1,TESK1,,TKL,LISK,TESK
Q15746,MYLK,smMLCK,Myosin light chain kinase,smMLCK,,CAMK,MLCK,
Q15759,MAPK11,p38b,Mitogen-activated protein kinase 11,p38b,,CMGC,MAPK,p38
Q15772,SPEG,SPEG,Striated muscle preferentially expressed protein kinase,SPEG,,CAMK,Trio,
Q15831,STK11,LKB1,Serine/threonine-protein kinase STK11,LKB1,,CAMK,CAMKL,LKB
Q15835,GRK1,RHOK,Rhodopsin kinase,RHOK,,AGC,GRK,GRK
Q16288,NTRK3,TRKC,NT-3 growth factor receptor,TRKC,,TK,Trk,
Q16512,PKN1,PKN1,Serine/threonine-protein kinase N1,PKN1,,AGC,PKN,
Q16513,PKN2,PKN2,Serine/threonine-protein kinase N2,PKN2,,AGC,PKN,
Q16539,MAPK14,p38a,Mitogen-activated protein kinase 14,p38a,,CMGC,MAPK,p38
Q16566,CAMK4,CaMK4,Calcium/calmodulin-dependent protein kinase type IV,CaMK4,,CAMK,CAMK1,
Q16584,MAP3K11,MLK3,Mitogen-activated protein kinase kinase kinase 11,MLK3,,TKL,MLK,MLK
Q16620,NTRK2,TRKB,BDNF/NT-3 growth factors receptor,TRKB,,TK,Trk,
Q16644,MAPKAPK3,MAPKAPK3,MAP kinase-activated protein kinase 3,MAPKAPK3,,CAMK,MAPKAPK,MK2
Q16654,PDK4,PDHK4,[Pyruvate dehydrogenase [lipoamide]] kinase isozyme 4,PDHK4,,Atypical,PDHK,
Q16659,MAPK6,Erk3,Mitogen-activated protein kinase 6,Erk3,,CMGC,MAPK,ERK3
Q16671,AMHR2,MISR2,Anti-Muellerian hormone type-2 receptor,MISR2,,TKL,STKR,STKR2
Q16816,PHKG1,PHKg1,Phosphorylase b kinase gamma catalytic chain,PHKg1,,CAMK,PHK,
Q16832,DDR2,DDR2,Discoidin domain-containing receptor 2,DDR2,,TK,DDR,
Q2M2I8,AAK1,AAK1,AP2-associated protein kinase 1,AAK1,,Other,NAK,
Q32MK0,MYLK3,caMLCK,Myosin light chain kinase 3,caMLCK,,CAMK,MLCK,
Q38SD2,LRRK1,LRRK1,Leucine-rich repeat serine/threonine-protein kinase 1,LRRK1,,TKL,LRRK,
Q3MIX3,ADCK5,ADCK5,Uncharacterized aarF domain-containing protein kinase 5,ADCK5,,Atypical,ABC1,ABC1-D
Q504Y2,PKDCC,SgK493,Protein kinase domain-containing protein,SgK493,,Other,SgK493,
Q52WX2,SBK1,SBK,Serine/threonine-protein kinase SBK1,SBK,,Other,NKF1,
Q56UN5,MAP3K19,MAP3K8,Mitogen-activated protein kinase kinase kinase 19,MAP3K19,,STE,STE11,
Q58A45,PAN3,PAN3,PAB-dependent poly(A)-specific ribonuclease subunit 3,PAN3,,Other,PAN3,
Q58F21,BRDT,BRDT,Bromodomain testis-specific protein,BRDT,,Atypical,BRD,
Q59H18,TNNI3K,HH498,Serine/threonine-protein kinase TNNI3K,HH498,,TKL,MLK,HH498
Q5JZY3,EPHA10,EphA10,Ephrin type-A receptor 10,EphA10,,TK,Eph,
Q5MAI5,CDKL4,CDKL4,Cyclin-dependent kinase-like 4,CDKL4,,CMGC,CDKL,
Q5S007,LRRK2,LRRK2,Leucine-rich repeat serine/threonine-protein kinase 2,LRRK2,,TKL,LRRK,
Q5TCX8,MAP3K21,MLK4,Mitogen-activated protein kinase kinase kinase MLK4,MLK4,,TKL,MLK,MLK
Q5TCY1,TTBK1,TTBK1,Tau-tubulin kinase 1,TTBK1,,CK1,TTBK,
Q5VST9,OBSCN,Obscn,Obscurin,Obscn,,CAMK,Trio,
Q5VT25,CDC42BPA,MRCKa,Serine/threonine-protein kinase MRCK alpha,MRCKa,,AGC,DMPK,GEK
Q6DT37,CDC42BPG,DMPK2,Serine/threonine-protein kinase MRCK gamma,DMPK2,,AGC,DMPK,GEK
Q6IBK5,GTF2F1,GTF2F1,nan,GTF2F1,,Atypical,GTF2F1,
Q6IQ55,TTBK2,TTBK2,Tau-tubulin kinase 2,TTBK2,,CK1,TTBK,
Q6J9G0,STYK1,SuRTK106,Tyrosine-protein kinase STYK1,SuRTK106,,TK,TK-Unique,
Q6P0Q8,MAST2,MAST2,Microtubule-associated serine/threonine-protein kinase 2,MAST2,,AGC,MAST,
Q6P2M8,PNCK,CaMK1b,Calcium/calmodulin-dependent protein kinase type 1B,CaMK1b,,CAMK,CAMK1,
Q6P3R8,NEK5,NEK5,Serine/threonine-protein kinase Nek5,NEK5,,Other,NEK,
Q6P3W7,SCYL2,SCYL2,SCY1-like protein 2,SCYL2,,Other,SCY1,
Q6P5Z2,PKN3,PKN3,Serine/threonine-protein kinase N3,PKN3,,AGC,PKN,
Q6PHR2,ULK3,ULK3,Serine/threonine-protein kinase ULK3,ULK3,,Other,ULK,
Q6SA08,TSSK4,TSSK4,Testis-specific serine/threonine-protein kinase 4,TSSK4,,CAMK,TSSK,
Q6VAB6,KSR2,KSR2,Kinase suppressor of Ras 2,KSR2,,TKL,RAF,
Q6XUX3,DSTYK,SgK496,Dual serine/threonine and tyrosine protein kinase,SgK496,,Other,Dusty,
Q6ZMQ8,AATK,LMR1,Serine/threonine-protein kinase LMTK1,LMR1,,TK,Lmr,
Q6ZN16,MAP3K15,MAP3K7,Mitogen-activated protein kinase kinase kinase 15,MAP3K7,,STE,STE11,
Q6ZWH5,NEK10,NEK10,Serine/threonine-protein kinase Nek10,NEK10,,Other,NEK,
Q76MJ5,ERN2,IRE2,Serine/threonine-protein kinase/endoribonuclease IRE2,IRE2,,Other,IRE,
Q7KZI7,MARK2,MARK2,Serine/threonine-protein kinase MARK2,MARK2,,CAMK,CAMKL,MARK
Q7L7X3,TAOK1,TAO1,Serine/threonine-protein kinase TAO1,TAO1,,STE,STE20,TAO
Q7RTN6,STRADA,STLK5,STE20-related kinase adapter protein alpha,STLK5,,STE,STE20,STLK
Q7Z2Y5,NRK,ZC4/NRK,Nik-related protein kinase,NRK,,STE,STE20,MSN
Q7Z695,ADCK2,ADCK2,Uncharacterized aarF domain-containing protein kinase 2,ADCK2,,Atypical,ABC1,ABC1-C
Q7Z7A4,PXK,Slob,PX domain-containing protein kinase-like protein,Slob,,Other,Slob,
Q86SG6,NEK8,NEK8,Serine/threonine-protein kinase Nek8,NEK8,,Other,NEK,
Q86TB3,ALPK2,AlphaK2,Alpha-protein kinase 2,AlphaK2,,Atypical,Alpha,
Q86TW2,ADCK1,ADCK1,Uncharacterized aarF domain-containing protein kinase 1,ADCK1,,Atypical,ABC1,ABC1-B
Q86UE8,TLK2,TLK2,Serine/threonine-protein kinase tousled-like 2,TLK2,,Other,TLK,
Q86UX6,STK32C,YANK3,Serine/threonine-protein kinase 32C,YANK3,,AGC,YANK,
Q86V86,PIM3,PIM3,Serine/threonine-protein kinase pim-3,PIM3,,CAMK,PIM,
Q86Y07,VRK2,VRK2,Serine/threonine-protein kinase VRK2,VRK2,,CK1,VRK,
Q86YV5,PRAG1,SgK223,Tyrosine-protein kinase SgK223,SgK223,,Other,NKF3,
Q86YV6,MYLK4,SgK085,Myosin light chain kinase family member 4,SgK085,,CAMK,MLCK,
Q86Z02,HIPK1,HIPK1,Homeodomain-interacting protein kinase 1,HIPK1,,CMGC,DYRK,HIPK
Q8IU85,CAMK1D,CaMK1d,Calcium/calmodulin-dependent protein kinase type 1D,CaMK1d,,CAMK,CAMK1,
Q8IV63,VRK3,VRK3,Inactive serine/threonine-protein kinase VRK3,VRK3,,CK1,VRK,
Q8IVH8,MAP4K3,KHS2,Mitogen-activated protein kinase kinase kinase kinase 3,KHS2,,STE,STE20,KHS
Q8IVT5,KSR1,KSR1,Kinase suppressor of Ras 1,KSR1,,TKL,RAF,KSR
Q8IVW4,CDKL3,CDKL3,Cyclin-dependent kinase-like 3,CDKL3,,CMGC,CDKL,
Q8IW41,MAPKAPK5,MAPKAPK5,MAP kinase-activated protein kinase 5,MAPKAPK5,,CAMK,MAPKAPK,MK5
Q8IWB6,TEX14,SgK307,Inactive serine/threonine-protein kinase TEX14,SgK307,,Other,NKF5,
Q8IWQ3,BRSK2,BRSK2,Serine/threonine-protein kinase BRSK2,BRSK2,,CAMK,CAMKL,BRSK
Q8IWU2,LMTK2,LMR2,Serine/threonine-protein kinase LMTK2,LMR2,,TK,Lmr,
Q8IY84,NIM1K,NIM1,Serine/threonine-protein kinase NIM1,NIM1,,CAMK,CAMKL,NIM1
Q8IYT8,ULK2,ULK2,Serine/threonine-protein kinase ULK2,ULK2,,Other,ULK,
Q8IZE3,SCYL3,SCYL3,Protein-associating with the carboxyl-terminal domain of ezrin,SCYL3,,Other,SCY1,
Q8IZL9,CDK20,CCRK,Cyclin-dependent kinase 20,CCRK,,CMGC,CDK,
Q8IZX4,TAF1L,TAF1L,Transcription initiation factor TFIID subunit 1-like,TAF1L,,Atypical,TAF1,
Q8N165,PDIK1L,CLIK1L,Serine/threonine-protein kinase PDIK1L,CLIK1L,,Other,NKF4,
Q8N2I9,STK40,SgK495,Serine/threonine-protein kinase 40,SgK495,,CAMK,SgK495,
Q8N4C8,MINK1,ZC3/MINK,Misshapen-like kinase 1,MINK,,STE,STE20,MSN
Q8N568,DCLK2,DCAMKL2,Serine/threonine-protein kinase DCLK2,DCAMKL2,,CAMK,DCAMKL,
Q8N5S9,CAMKK1,CaMKK1,Calcium/calmodulin-dependent protein kinase kinase 1,CaMKK1,,Other,CAMKK,CAMKK-Meta
Q8N752,CSNK1A1L,CK1a2,Casein kinase I isoform alpha-like,CK1a2,,CK1,CK1,
Q8NB16,MLKL,MLKL,Mixed lineage kinase domain-like protein,MLKL,,TKL,TKL-Unique,
Q8NCB2,CAMKV,VACAMKL,CaM kinase-like vesicle-associated protein,VACAMKL,,CAMK,CAMK-Unique,
Q8NE28,STKLD1,SgK071,Protein kinase-like protein SgK071,SgK071,,Other,SgK071,
Q8NE63,HIPK4,HIPK4,Homeodomain-interacting protein kinase 4,HIPK4,,CMGC,DYRK,HIPK
Q8NER5,ACVR1C,ALK7,Activin receptor type-1C,ALK7,,TKL,STKR,STKR1
Q8NEV4,MYO3A,MYO3A,Myosin-IIIa,MYO3A,,STE,STE20,NinaC
Q8NFD2,ANKK1,SgK288,Ankyrin repeat and protein kinase domain-containing protein 1,SgK288,,TKL,RIPK,
Q8NG66,NEK11,NEK11,Serine/threonine-protein kinase Nek11,NEK11,,Other,NEK,
Q8NI60,ADCK3,ADCK3,Chaperone activity of bc1 complex-like,ADCK3,,Atypical,ABC1,ABC1-A
Q8TAS1,UHMK1,KIS,Serine/threonine-protein kinase Kist,KIS,,Other,KIS,
Q8TD08,MAPK15,Erk7,Mitogen-activated protein kinase 15,Erk7,,CMGC,MAPK,ERK7
Q8TD19,NEK9,NEK9,Serine/threonine-protein kinase Nek9,NEK9,,Other,NEK,
Q8TDC3,BRSK1,BRSK1,Serine/threonine-protein kinase BRSK1,BRSK1,,CAMK,CAMKL,BRSK
Q8TDR2,STK35,CLIK1,Serine/threonine-protein kinase 35,CLIK1,,Other,NKF4,
Q8TDX7,NEK7,NEK7,Serine/threonine-protein kinase Nek7,NEK7,,Other,NEK,
Q8TEA7,TBCK,TBCK,TBC domain-containing protein kinase-like protein,TBCK,,Other,TBCK,
Q8TF76,GSG2,Haspin,Serine/threonine-protein kinase haspin,Haspin,,Other,Haspin,
Q8WTQ7,GRK7,GPRK7,G protein-coupled receptor kinase 7,GPRK7,,AGC,GRK,GRK
Q8WU08,STK32A,YANK1,Serine/threonine-protein kinase 32A,YANK1,,AGC,YANK,
Q8WXR4,MYO3B,MYO3B,Myosin-IIIb,MYO3B,,STE,STE20,NinaC
Q8WZ42,TTN,TTN,Titin,TTN,,CAMK,MLCK,
Q92519,TRIB2,Trb2,Tribbles homolog 2,Trb2,,CAMK,Trbl,
Q92630,DYRK2,DYRK2,Dual specificity tyrosine-phosphorylation-regulated kinase 2,DYRK2,,CMGC,DYRK,DYRK2
Q92772,CDKL2,CDKL2,Cyclin-dependent kinase-like 2,CDKL2,,CMGC,CDKL,
Q92918,MAP4K1,HPK1,Mitogen-activated protein kinase kinase kinase kinase 1,HPK1,,STE,STE20,KHS
Q96BR1,SGK3,SGK3,Serine/threonine-protein kinase Sgk3,SGK3,,AGC,SGK,
Q96C45,ULK4,ULK4,Serine/threonine-protein kinase ULK4,ULK4,,Other,ULK,
Q96D53,ADCK4,ADCK4,Uncharacterized aarF domain-containing protein kinase 4,ADCK4,,Atypical,ABC1,ABC1-A
Q96GD4,AURKB,AurB,Aurora kinase B,AurB,,Other,Aur,
Q96GX5,MASTL,MASTL,Serine/threonine-protein kinase greatwall,MASTL,,AGC,MAST,
Q96J92,WNK4,Wnk4,Serine/threonine-protein kinase WNK4,Wnk4,,Other,WNK,
Q96KB5,PBK,PBK,Lymphokine-activated killer T-cell-originated protein kinase,PBK,,Other,TOPK,
Q96KG9,SCYL1,SCYL1,N-terminal kinase-like protein,SCYL1,,Other,SCY1,
Q96L34,MARK4,MARK4,MAP/microtubule affinity-regulating kinase 4,MARK4,,CAMK,CAMKL,MARK
Q96L96,ALPK3,AlphaK1,Alpha-protein kinase 3,AlphaK1,,Atypical,Alpha,
Q96LW2,RSKR,SgK494,Uncharacterized serine/threonine-protein kinase SgK494,SgK494,,AGC,RSKR,
Q96NX5,CAMK1G,CaMK1g,Calcium/calmodulin-dependent protein kinase type 1G,CaMK1g,,CAMK,CAMK1,
Q96PF2,TSSK2,TSSK2,Testis-specific serine/threonine-protein kinase 2,TSSK2,,CAMK,TSSK,
Q96PN8,TSSK3,TSSK3,Testis-specific serine/threonine-protein kinase 3,TSSK3,,CAMK,TSSK,
Q96PY6,NEK1,NEK1,Serine/threonine-protein kinase Nek1,NEK1,,Other,NEK,
Q96Q04,LMTK3,LMR3,Serine/threonine-protein kinase LMTK3,LMR3,,TK,Lmr,
Q96Q15,SMG1,SMG1,Serine/threonine-protein kinase SMG1,SMG1,,Atypical,PIKK,SMG1
Q96Q40,CDK15,PFTAIRE2,Cyclin-dependent kinase 15,PFTAIRE2,,CMGC,CDK,PFTAIRE
Q96QP1,ALPK1,AlphaK3,Alpha-protein kinase 1,AlphaK3,,Atypical,Alpha,
Q96QS6,PSKH2,PSKH2,Serine/threonine-protein kinase H2,PSKH2,,CAMK,PSK,
Q96QT4,TRPM7,ChaK1,Transient receptor potential cation channel subfamily M member 7,ChaK1,,Atypical,Alpha,ChaK
Q96RG2,PASK,PASK,PAS domain-containing serine/threonine-protein kinase,PASK,,CAMK,CAMKL,PASK
Q96RR4,CAMKK2,CaMKK2,Calcium/calmodulin-dependent protein kinase kinase 2,CaMKK2,,Other,CAMKK,CAMKK-Meta
Q96RU7,TRIB3,Trb3,Tribbles homolog 3,Trb3,,CAMK,Trbl,
Q96RU8,TRIB1,Trb1,Tribbles homolog 1,Trb1,,CAMK,Trbl,
Q96S38,RPS6KC1,RSKL1,Ribosomal protein S6 kinase delta-1,RSKL1,,AGC,RSKL,
Q96S44,TP53RK,PRPK,TP53-regulating kinase,PRPK,,Other,Bud32,
Q96S53,TESK2,TESK2,Dual-specificity testis-specific protein kinase 2,TESK2,,TKL,LISK,TESK
Q96SB4,SRPK1,SRPK1,SRSF protein kinase 1,SRPK1,,CMGC,SRPK,
Q99558,MAP3K14,NIK,Mitogen-activated protein kinase kinase kinase 14,NIK,,STE,STE-Unique,
Q99570,PIK3R4,PIK3R4,Phosphoinositide 3-kinase regulatory subunit 4,PIK3R4,,Other,VPS15,
Q99640,PKMYT1,MYT1,Membrane-associated tyrosine- and threonine-specific cdc2-inhibitory kinase,MYT1,,Other,WEE,
Q99683,MAP3K5,MAP3K5,Mitogen-activated protein kinase kinase kinase 5,MAP3K5,,STE,STE11,
Q99759,MAP3K3,MAP3K3,Mitogen-activated protein kinase kinase kinase 3,MAP3K3,,STE,STE11,
Q99986,VRK1,VRK1,Serine/threonine-protein kinase VRK1,VRK1,,CK1,VRK,
Q9BQI3,EIF2AK1,HRI,Eukaryotic translation initiation factor 2-alpha kinase 1,HRI,,Other,PEK,
Q9BRS2,RIOK1,RIOK1,Serine/threonine-protein kinase RIO1,RIOK1,,Atypical,RIO,RIO1
Q9BUB5,MKNK1,MNK1,MAP kinase-interacting serine/threonine-protein kinase 1,MNK1,,CAMK,MAPKAPK,MNK
Q9BVS4,RIOK2,RIOK2,Serine/threonine-protein kinase RIO2,RIOK2,,Atypical,RIO,RIO2
Q9BWU1,CDK19,CDK11,Cyclin-dependent kinase 19,CDK11,,CMGC,CDK,CDK8
Q9BX84,TRPM6,ChaK2,Transient receptor potential cation channel subfamily M member 6,ChaK2,,Atypical,Alpha,ChaK
Q9BXA6,TSSK6,SSTK,Testis-specific serine/threonine-protein kinase 6,SSTK,,CAMK,TSSK,
Q9BXA7,TSSK1B,TSSK1,Testis-specific serine/threonine-protein kinase 1,TSSK1,,CAMK,TSSK,
Q9BXM7,PINK1,PINK1,Serine/threonine-protein kinase PINK1,PINK1,,Other,NKF2,
Q9BXU1,STK31,SgK396,Serine/threonine-protein kinase 31,SgK396,,Other,Other-Unique,
Q9BYP7,WNK3,Wnk3,Serine/threonine-protein kinase WNK3,Wnk3,,Other,WNK,
Q9BYT3,STK33,STK33,Serine/threonine-protein kinase 33,STK33,,CAMK,STK33,
Q9BZL6,PRKD2,PKD2,Serine/threonine-protein kinase D2,PKD2,,CAMK,PKD,
Q9C098,DCLK3,DCAMKL3,Serine/threonine-protein kinase DCLK3,DCAMKL3,,CAMK,DCAMKL,
Q9C0K7,STRADB,STLK6,STE20-related kinase adapter protein beta,STLK6,,STE,STE20,STLK
Q9H093,NUAK2,NuaK2,NUAK family SNF1-like kinase 2,NuaK2,,CAMK,CAMKL,NuaK
Q9H0K1,SIK2,QIK,Serine/threonine-protein kinase SIK2,QIK,,CAMK,CAMKL,QIK
Q9H1R3,MYLK2,skMLCK,Myosin light chain kinase 2,skMLCK,,CAMK,MLCK,
Q9H2G2,SLK,SLK,STE20-like serine/threonine-protein kinase,SLK,,STE,STE20,SLK
Q9H2K8,TAOK3,TAO3,Serine/threonine-protein kinase TAO3,TAO3,,STE,STE20,TAO
Q9H2X6,HIPK2,HIPK2,Homeodomain-interacting protein kinase 2,HIPK2,,CMGC,DYRK,HIPK
Q9H3Y6,SRMS,SRM,Tyrosine-protein kinase Srms,SRM,,TK,Src,
Q9H422,HIPK3,HIPK3,Homeodomain-interacting protein kinase 3,HIPK3,,CMGC,DYRK,HIPK
Q9H4A3,WNK1,Wnk1,Serine/threonine-protein kinase WNK1,Wnk1,,Other,WNK,
Q9H4B4,PLK3,PLK3,Serine/threonine-protein kinase PLK3,PLK3,,Other,PLK,
Q9H5K3,POMK,SgK196,Protein kinase-like protein SgK196,SgK196,,Other,Other-Unique,
Q9H792,PEAK1,SgK269,Pseudopodium-enriched atypical kinase 1,SgK269,,Other,NKF3,
Q9HAZ1,CLK4,CLK4,Dual specificity protein kinase CLK4,CLK4,,CMGC,CLK,
Q9HBH9,MKNK2,MNK2,MAP kinase-interacting serine/threonine-protein kinase 2,MNK2,,CAMK,MAPKAPK,MNK
Q9HBY8,SGK2,SGK2,Serine/threonine-protein kinase Sgk2,SGK2,,AGC,SGK,
Q9HC98,NEK6,NEK6,Serine/threonine-protein kinase Nek6,NEK6,,Other,NEK,
Q9HCP0,CSNK1G1,CK1g1,Casein kinase I isoform gamma-1,CK1g1,,CK1,CK1,
Q9NQU5,PAK6,PAK6,Serine/threonine-protein kinase PAK 6,PAK6,,STE,STE20,PAKB
Q9NR20,DYRK4,DYRK4,Dual specificity tyrosine-phosphorylation-regulated kinase 4,DYRK4,,CMGC,DYRK,DYRK2
Q9NRH2,SNRK,SNRK,SNF-related serine/threonine-protein kinase,SNRK,,CAMK,CAMKL,SNRK
Q9NRL2,BAZ1A,BAZ1A,Bromodomain adjacent to zinc finger domain protein 1A,BAZ1A,,Atypical,BAZ,
Q9NRM7,LATS2,LATS2,Serine/threonine-protein kinase LATS2,LATS2,,AGC,NDR,
Q9NRP7,STK36,Fused,Serine/threonine-protein kinase 36,Fused,,Other,ULK,
Q9NSY0,NRBP2,NRBP2,Nuclear receptor-binding protein 2,NRBP2,,Other,NRBP,
Q9NSY1,BMP2K,BIKE,BMP-2-inducible protein kinase,BIKE,,Other,NAK,
Q9NWZ3,IRAK4,IRAK4,Interleukin-1 receptor-associated kinase 4,IRAK4,,TKL,IRAK,
Q9NY57,STK32B,YANK2,Serine/threonine-protein kinase 32B,YANK2,,AGC,YANK,
Q9NYL2,MAP3K20,ZAK,Mitogen-activated protein kinase kinase kinase MLT,ZAK,,TKL,MLK,ZAK
Q9NYV4,CDK12,CRK7,Cyclin-dependent kinase 12,CRK7,,CMGC,CDK,CRK7
Q9NYY3,PLK2,PLK2,Serine/threonine-protein kinase PLK2,PLK2,,Other,PLK,
Q9NZJ5,EIF2AK3,PEK,Eukaryotic translation initiation factor 2-alpha kinase 3,PEK,,Other,PEK,PEK
Q9P0L2,MARK1,MARK1,Serine/threonine-protein kinase MARK1,MARK1,,CAMK,CAMKL,MARK
Q9P1W9,PIM2,PIM2,Serine/threonine-protein kinase pim-2,PIM2,,CAMK,PIM,
Q9P286,PAK7,PAK5,Serine/threonine-protein kinase PAK 7,PAK5,,STE,STE20,PAKB
Q9P289,STK26,MST4,Serine/threonine-protein kinase MST4,MST4,,STE,STE20,YSK
Q9P2K8,EIF2AK4,GCN2,Eukaryotic translation initiation factor 2-alpha kinase 4,GCN2,,Other,PEK,GCN2
Q9UBE8,NLK,NLK,Serine/threonine-protein kinase NLK,NLK,,CMGC,MAPK,nmo
Q9UBS0,RPS6KB2,p70S6Kb,Ribosomal protein S6 kinase beta-2,p70S6Kb,,AGC,RSK,RSKp70
Q9UEE5,STK17A,DRAK1,Serine/threonine-protein kinase 17A,DRAK1,,CAMK,DAPK,
Q9UEW8,STK39,STLK3,STE20/SPS1-related proline-alanine-rich protein kinase,STLK3,,STE,STE20,FRAY
Q9UF33,EPHA6,EphA6,Ephrin type-A receptor 6,EphA6,,TK,Eph,
Q9UHD2,TBK1,TBK1,Serine/threonine-protein kinase TBK1,TBK1,,Other,IKK,
Q9UHY1,NRBP1,NRBP1,Nuclear receptor-binding protein,NRBP1,,Other,NRBP,
Q9UIG0,BAZ1B,BAZ1B,Tyrosine-protein kinase BAZ1B,BAZ1B,,Atypical,BAZ,
Q9UIK4,DAPK2,DAPK2,Death-associated protein kinase 2,DAPK2,,CAMK,DAPK,
Q9UK32,RPS6KA6,RSK4,Ribosomal protein S6 kinase alpha-6,RSK4,,AGC,RSK,RSKp90
Q9UKE5,TNIK,ZC2/TNIK,TRAF2 and NCK-interacting protein kinase,TNIK,,STE,STE20,MSN
Q9UKI8,TLK1,TLK1,Serine/threonine-protein kinase tousled-like 1,TLK1,,Other,TLK,
Q9UL54,TAOK2,TAO2,Serine/threonine-protein kinase TAO2,TAO2,,STE,STE20,TAO
Q9UM73,ALK,ALK,ALK tyrosine kinase receptor,ALK,,TK,ALK,
Q9UPE1,SRPK3,MSSK1,SRSF protein kinase 3,MSSK1,,CMGC,SRPK,
Q9UPN9,TRIM33,TIF1g,E3 ubiquitin-protein ligase TRIM33,TIF1g,,Atypical,TIF1,
Q9UPZ9,ICK,ICK,Serine/threonine-protein kinase ICK,ICK,,CMGC,RCK,
Q9UQ07,MOK,MOK,MAPK/MAK/MRK overlapping kinase,MOK,,CMGC,RCK,
Q9UQB9,AURKC,AurC,Aurora kinase C,AurC,,Other,Aur,
Q9UQM7,CAMK2A,CaMK2a,Calcium/calmodulin-dependent protein kinase type II subunit alpha,CaMK2a,,CAMK,CAMK2,
Q9Y243,AKT3,AKT3,RAC-gamma serine/threonine-protein kinase,AKT3,,AGC,Akt,
Q9Y2H1,STK38L,NDR2,Serine/threonine-protein kinase 38-like,NDR2,,AGC,NDR,
Q9Y2H9,MAST1,MAST1,Microtubule-associated serine/threonine-protein kinase 1,MAST1,,AGC,MAST,
Q9Y2K2,SIK3,QSK,Serine/threonine-protein kinase SIK3,QSK,,CAMK,CAMKL,QIK
Q9Y2U5,MAP3K2,MAP3K2,Mitogen-activated protein kinase kinase kinase 2,MAP3K2,,STE,STE11,
Q9Y3S1,WNK2,Wnk2,Serine/threonine-protein kinase WNK2,Wnk2,,Other,WNK,
Q9Y463,DYRK1B,DYRK1B,Dual specificity tyrosine-phosphorylation-regulated kinase 1B,DYRK1B,,CMGC,DYRK,DYRK1
Q9Y4A5,TRRAP,TRRAP,Transformation/transcription domain-associated protein,TRRAP,,Atypical,PIKK,TRRAP
Q9Y4K4,MAP4K5,KHS1,Mitogen-activated protein kinase kinase kinase kinase 5,KHS1,,STE,STE20,KHS
Q9Y572,RIPK3,RIPK3,Receptor-interacting serine/threonine-protein kinase 3,RIPK3,,TKL,RIPK,
Q9Y5P4,COL4A3BP,Col4A3BP,Collagen type IV alpha-3-binding protein,Col4A3BP,,Atypical,Col4A3BP,
Q9Y5S2,CDC42BPB,MRCKb,Serine/threonine-protein kinase MRCK beta,MRCKb,,AGC,DMPK,GEK
Q9Y616,IRAK3,IRAK3,Interleukin-1 receptor-associated kinase 3,IRAK3,,TKL,IRAK,
Q9Y6E0,STK24,MST3,Serine/threonine-protein kinase 24,MST3,,STE,STE20,YSK
Q9Y6M4,CSNK1G3,CK1g3,Casein kinase I isoform gamma-3,CK1g3,,CK1,CK1,
Q9Y6R4,MAP3K4,MAP3K4,Mitogen-activated protein kinase kinase kinase 4,MAP3K4,,STE,STE11,
Q9Y6S9,RPS6KL1,RSKL2,Ribosomal protein S6 kinase-like 1,RSKL2,,AGC,RSKL,
